﻿{
   "Application": {
      "SaveHistoryPath": "",
      "HistoryFilterFavorites": false,
      "OptionsPageIndex": 7,
      "HistoryFilter": ""
   },
   "Exceptions": {
      "Disabled": [["", "SysListView32"], ["", "SysTreeView32"], ["", "ListBox"], ["", "ScrollBar"], ["", "ComboBox"], ["", "msctls_hotkey32"], ["", "ConsoleWindowClass"], ["mstsc.exe", ""]],
      "Enabled": [],
      "DisabledMode": true
   },
   "Contents": {
      "EditBackTranslation": "",
      "SaveOnExit": true,
      "EditTranslation": "十进制\r\r罗马拼音：Shíjìnzhì",
      "EditSource": "decimal"
   },
   "Advanced": {
      "EnableSlowerListening": true,
      "OcrApiKey": "",
      "LayoutIndicator": 0,
      "EnableGuiTranslation": true,
      "CopyAction": 0,
      "SwitchMouseModeOnTrayClick": true,
      "GoogleDomain": "cn",
      "DefaultBrowserId": "",
      "EnableMouseModeOnCtrl": false,
      "RemoveLineBreaks": false
   },
   "Appearance": {
      "EnableWindowStyle": false,
      "PopupAutoSize": true,
      "ColorFrame": 8023133,
      "PopupWindowFrameThickness": 0,
      "Transparency": 217,
      "PopupIcons": 30,
      "ColorText": 0,
      "PopupAutoFocus": false,
      "ThemeName": "",
      "PopupAutoPos": true,
      "PopupTimeout": 5,
      "ColorBack": 15790320
   },
   "Internet": {
      "Timeout": 5000
   },
   "HotKeys": {
      "EnableHotKeys": true,
      "HotKeyListenText": 581,
      "HotKeyTranslateClipboardInMainWindow": 0,
      "HotKeyReplaceSelection": 0,
      "HotKeyHistory": 0,
      "HotKeySwitchMouseMode": 0,
      "HotKeyTextRecognition": 0,
      "HotKeyDictionaryClipboard": 0,
      "HotKeySpeechInput": 0,
      "HotKeyConvertTextLayout": 0,
      "HotKeyCopyTranslation": 0,
      "HotKeyTranslateClipboardInPopupWindow": 0,
      "HotKeyDictionary": 1617,
      "HotKeyListenTranslation": 0,
      "HotKeyTranslateClipboard": 0,
      "HotKeyKeyboard": 0,
      "HotKeyPopupWindow": 593,
      "HotKeyMainWindow": 33280
   },
   "OfflineDictionaries": [],
   "Ocr": {
      "OcrLanguage": 17,
      "SaveImagePath": ""
   },
   "Update": {
      "CheckForUpdates": false
   },
   "DisabledServices": [12, 13, 9, 11, 30, 31, 5],
   "Proxy": {
      "Password": "",
      "Host": "",
      "ProxyType": 0,
      "Username": "",
      "Port": 8080
   },
   "DictionariesOrder": [10, 19, 20, 14, 17, 18, 21, 22, 24, 25, 26, 29],
   "DisabledLanguages": [],
   "DisabledDictionaries": [10, 19, 20, 14, 17, 18, 21, 22, 24, 25, 29],
   "Dictionary": {
      "ShowServicesPane": true,
      "DictionaryExactSearch": true
   },
   "LanguagePairs": [[11, 17], [17, 11]],
   "General": {
      "InstantTranslation": true,
      "LanguageDictionary": 11,
      "LanguageKeyboard": 17,
      "AutoCleanupOfTranslation": false,
      "MouseMode": 1,
      "WindowPopupPlacement": "2C0000001000000001000000FFFFFFFFFFFFFFFFFFFFFFFFFFFFFFFFD1000000B1010000CB01000001020000",
      "ClearHistoryOnExit": false,
      "EnableHistory": true,
      "WindowKeyboardPlacement": "",
      "ShowServicesPane": true,
      "MinimizeToTrayOnMinimize": false,
      "WindowMainPlacement": "2C0000000000000001000000FFFFFFFFFFFFFFFFFFFFFFFFFFFFFFFF9504000095010000F506000056030000",
      "BackTranslation": false,
      "WindowHistoryPlacement": "",
      "WindowOptionsPlacement": "2C0000000000000001000000FFFFFFFFFFFFFFFFFFFFFFFFFFFFFFFF46020000130100003B050000F4020000",
      "ActiveServices": [1],
      "UseSmartDetection": true,
      "ShowMiddlePane": true,
      "LanguageTo": 1,
      "WindowDictionaryPlacement": "",
      "ShowTopPane": true,
      "MidSplitterPos": 151,
      "LanguageFrom": 1,
      "LocaleFoderName": "Chinese (Simplified)",
      "ReadPhonetically": true,
      "FontName": "",
      "MainWindowStartupAction": 0,
      "ActiveDictionaryServices": [10],
      "AlwaysDetectLanguage": false,
      "MainWindowShowOnLoad": false,
      "MinimizeToTrayOnClose": true,
      "ExpandHistoryItems": false,
      "BackTranslationSplitterPos": -1,
      "MouseModeOn": true,
      "SpellChecking": true,
      "ClearOnDragDrop": true,
      "TextSize": 9
   },
   "ServicesOrder": [1, 5, 12, 13, 9, 11, 28, 26, 30, 31],
   "AutoDetection": {
      "LanguageFirst": 11,
      "LanguageSecond": 17,
      "LanguageSpeechRecognition": 11
   }
}
